{"cameraMode":{"drawMode":2,"name":"Shaded Wireframe","section":"Shading Mode"},"sceneLighting":false,"audioPlay":false,"sceneViewState":{"m_AlwaysRefresh":false,"showFog":true,"showSkybox":false,"showFlares":true,"showImageEffects":true,"showParticleSystems":true,"showVisualEffectGraphs":true,"m_FxEnabled":false},"in2DMode":false,"pivot":{"x":0.31211334466934206,"y":0.06650561094284058,"z":0.36706477403640749},"rotation":{"x":0.36729559302330019,"y":0.6221393346786499,"z":-0.41100192070007326,"w":0.5559805631637573},"size":0.8761869668960571,"orthographic":false}