{"cameraMode":{"drawMode":0,"name":"Shaded","section":"Shading Mode"},"sceneLighting":false,"audioPlay":false,"sceneViewState":{"m_AlwaysRefresh":false,"showFog":true,"showSkybox":false,"showFlares":true,"showImageEffects":true,"showParticleSystems":true,"showVisualEffectGraphs":true,"m_FxEnabled":true},"in2DMode":false,"pivot":{"x":2.9802322387695315e-8,"y":-0.025809792801737787,"z":-0.7179347276687622},"rotation":{"x":-0.1570330113172531,"y":0.6595898866653442,"z":-0.14371457695960999,"w":-0.7209119200706482},"size":1.131811499595642,"orthographic":false}