{"cameraMode":{"drawMode":2,"name":"Shaded Wireframe","section":"Shading Mode"},"sceneLighting":false,"audioPlay":false,"sceneViewState":{"m_AlwaysRefresh":false,"showFog":true,"showSkybox":false,"showFlares":true,"showImageEffects":true,"showParticleSystems":true,"showVisualEffectGraphs":true,"m_FxEnabled":false},"in2DMode":false,"pivot":{"x":0.0000029206275939941408,"y":0.8606146574020386,"z":0.0029765963554382326},"rotation":{"x":0.18178360164165498,"y":0.7059198021888733,"z":-0.19560612738132478,"w":0.6560526490211487},"size":1.6390670537948609,"orthographic":false}